,Location,Price,Rating
0,,,
1,"Sahan, India","₹25,106 ",5.0
2,"Bhayandar (West), India","₹14,621 ",4.99
3,"Raigad, India","₹21,081 ",4.92
4,"Sasawane, India","₹48,898 ",5.0
5,"Golewadi, Pune, India","₹13,694 ",5.0
6,"Lonavala, India","₹10,064 ",5.0
7,"Bamansure, India","₹22,166 ",5.0
8,"Lonavala, India","₹5,933 ",5.0
9,"Lonavala, India","₹11,600 ",4.97
10,"Mapgaon, India","₹19,136 ",5.0
11,"Lonavala, India","₹13,494 ",4.9
12,"Lonavla, India","₹15,062 ",4.97
13,"Karjat, India","₹11,184 ",5.0
14,"Lonavala, India","₹19,926 ",4.9
15,"Lonavala, India","₹20,899 ",5.0
16,"Lonavala, India","₹4,565 ",4.94
17,"Lonavla, India","₹15,805 ",4.95
18,"Mira Bhayandar, India","₹16,675 ",5.0
19,"Lonavala, India","₹13,215 ",4.92
20,"Lonavla, India","₹25,562 ",5.0
21,"Sahan, India","₹25,106 ",5.0
22,"Bhayandar (West), India","₹14,621 ",4.99
23,"Raigad, India","₹21,081 ",4.92
24,"Sasawane, India","₹48,898 ",5.0
25,"Golewadi, Pune, India","₹13,694 ",5.0
26,"Lonavala, India","₹10,064 ",5.0
27,"Bamansure, India","₹22,166 ",5.0
28,"Lonavala, India","₹5,933 ",5.0
29,"Lonavala, India","₹11,600 ",4.97
30,"Mapgaon, India","₹19,136 ",5.0
31,"Lonavala, India","₹13,494 ",4.9
32,"Lonavla, India","₹15,062 ",4.97
33,"Karjat, India","₹11,184 ",5.0
34,"Lonavala, India","₹19,926 ",4.9
35,"Lonavala, India","₹20,899 ",5.0
36,"Lonavala, India","₹4,565 ",4.94
37,"Lonavla, India","₹15,805 ",4.95
38,"Mira Bhayandar, India","₹16,675 ",5.0
39,"Lonavala, India","₹13,215 ",4.92
40,"Lonavla, India","₹25,562 ",5.0
41,"Sahan, India","₹25,106 ",5.0
42,"Bhayandar (West), India","₹14,621 ",4.99
43,"Raigad, India","₹21,081 ",4.92
44,"Sasawane, India","₹48,898 ",5.0
45,"Golewadi, Pune, India","₹13,694 ",5.0
46,"Lonavala, India","₹10,064 ",5.0
47,"Bamansure, India","₹22,166 ",5.0
48,"Lonavala, India","₹5,933 ",5.0
49,"Lonavala, India","₹11,600 ",4.97
50,"Mapgaon, India","₹19,136 ",5.0
51,"Lonavala, India","₹13,494 ",4.9
52,"Lonavla, India","₹15,062 ",4.97
53,"Karjat, India","₹11,184 ",5.0
54,"Lonavala, India","₹19,926 ",4.9
55,"Lonavala, India","₹20,899 ",5.0
56,"Lonavala, India","₹4,565 ",4.94
57,"Lonavla, India","₹15,805 ",4.95
58,"Mira Bhayandar, India","₹16,675 ",5.0
59,"Lonavala, India","₹13,215 ",4.92
60,"Lonavla, India","₹25,562 ",5.0
61,"Sahan, India","₹25,106 ",5.0
62,"Bhayandar (West), India","₹14,621 ",4.99
63,"Raigad, India","₹21,081 ",4.92
64,"Sasawane, India","₹48,898 ",5.0
65,"Golewadi, Pune, India","₹13,694 ",5.0
66,"Lonavala, India","₹10,064 ",5.0
67,"Bamansure, India","₹22,166 ",5.0
68,"Lonavala, India","₹5,933 ",5.0
69,"Lonavala, India","₹11,600 ",4.97
70,"Mapgaon, India","₹19,136 ",5.0
71,"Lonavala, India","₹13,494 ",4.9
72,"Lonavla, India","₹15,062 ",4.97
73,"Karjat, India","₹11,184 ",5.0
74,"Lonavala, India","₹19,926 ",4.9
75,"Lonavala, India","₹20,899 ",5.0
76,"Lonavala, India","₹4,565 ",4.94
77,"Lonavla, India","₹15,805 ",4.95
78,"Mira Bhayandar, India","₹16,675 ",5.0
79,"Lonavala, India","₹13,215 ",4.92
80,"Lonavla, India","₹25,562 ",5.0
81,"Sahan, India","₹25,106 ",5.0
82,"Bhayandar (West), India","₹14,621 ",4.99
83,"Raigad, India","₹21,081 ",4.92
84,"Sasawane, India","₹48,898 ",5.0
85,"Golewadi, Pune, India","₹13,694 ",5.0
86,"Lonavala, India","₹10,064 ",5.0
87,"Bamansure, India","₹22,166 ",5.0
88,"Lonavala, India","₹5,933 ",5.0
89,"Lonavala, India","₹11,600 ",4.97
90,"Mapgaon, India","₹19,136 ",5.0
91,"Lonavala, India","₹13,494 ",4.9
92,"Lonavla, India","₹15,062 ",4.97
93,"Karjat, India","₹11,184 ",5.0
94,"Lonavala, India","₹19,926 ",4.9
95,"Lonavala, India","₹20,899 ",5.0
96,"Lonavala, India","₹4,565 ",4.94
97,"Lonavla, India","₹15,805 ",4.95
98,"Mira Bhayandar, India","₹16,675 ",5.0
99,"Lonavala, India","₹13,215 ",4.92
100,"Lonavla, India","₹25,562 ",5.0
101,"Sahan, India","₹25,106 ",5.0
102,"Bhayandar (West), India","₹14,621 ",4.99
103,"Raigad, India","₹21,081 ",4.92
104,"Sasawane, India","₹48,898 ",5.0
105,"Golewadi, Pune, India","₹13,694 ",5.0
106,"Lonavala, India","₹10,064 ",5.0
107,"Bamansure, India","₹22,166 ",5.0
108,"Lonavala, India","₹5,933 ",5.0
109,"Lonavala, India","₹11,600 ",4.97
110,"Mapgaon, India","₹19,136 ",5.0
111,"Lonavala, India","₹13,494 ",4.9
112,"Lonavla, India","₹15,062 ",4.97
113,"Karjat, India","₹11,184 ",5.0
114,"Lonavala, India","₹19,926 ",4.9
115,"Lonavala, India","₹20,899 ",5.0
116,"Lonavala, India","₹4,565 ",4.94
117,"Lonavla, India","₹15,805 ",4.95
118,"Mira Bhayandar, India","₹16,675 ",5.0
119,"Lonavala, India","₹13,215 ",4.92
120,"Lonavla, India","₹25,562 ",5.0
121,"Sahan, India","₹25,106 ",5.0
122,"Bhayandar (West), India","₹14,621 ",4.99
123,"Raigad, India","₹21,081 ",4.92
124,"Sasawane, India","₹48,898 ",5.0
125,"Golewadi, Pune, India","₹13,694 ",5.0
126,"Lonavala, India","₹10,064 ",5.0
127,"Bamansure, India","₹22,166 ",5.0
128,"Lonavala, India","₹5,933 ",5.0
129,"Lonavala, India","₹11,600 ",4.97
130,"Mapgaon, India","₹19,136 ",5.0
131,"Lonavala, India","₹13,494 ",4.9
132,"Lonavla, India","₹15,062 ",4.97
133,"Karjat, India","₹11,184 ",5.0
134,"Lonavala, India","₹19,926 ",4.9
135,"Lonavala, India","₹20,899 ",5.0
136,"Lonavala, India","₹4,565 ",4.94
137,"Lonavla, India","₹15,805 ",4.95
138,"Mira Bhayandar, India","₹16,675 ",5.0
139,"Lonavala, India","₹13,215 ",4.92
140,"Lonavla, India","₹25,562 ",5.0
141,"Sahan, India","₹25,106 ",5.0
142,"Bhayandar (West), India","₹14,621 ",4.99
143,"Raigad, India","₹21,081 ",4.92
144,"Sasawane, India","₹48,898 ",5.0
145,"Golewadi, Pune, India","₹13,694 ",5.0
146,"Lonavala, India","₹10,064 ",5.0
147,"Bamansure, India","₹22,166 ",5.0
148,"Lonavala, India","₹5,933 ",5.0
149,"Lonavala, India","₹11,600 ",4.97
150,"Mapgaon, India","₹19,136 ",5.0
151,"Lonavala, India","₹13,494 ",4.9
152,"Lonavla, India","₹15,062 ",4.97
153,"Karjat, India","₹11,184 ",5.0
154,"Lonavala, India","₹19,926 ",4.9
155,"Lonavala, India","₹20,899 ",5.0
156,"Lonavala, India","₹4,565 ",4.94
157,"Lonavla, India","₹15,805 ",4.95
158,"Mira Bhayandar, India","₹16,675 ",5.0
159,"Lonavala, India","₹13,215 ",4.92
160,"Lonavla, India","₹25,562 ",5.0
161,"Sahan, India","₹25,106 ",5.0
162,"Bhayandar (West), India","₹14,621 ",4.99
163,"Raigad, India","₹21,081 ",4.92
164,"Sasawane, India","₹48,898 ",5.0
165,"Golewadi, Pune, India","₹13,694 ",5.0
166,"Lonavala, India","₹10,064 ",5.0
167,"Bamansure, India","₹22,166 ",5.0
168,"Lonavala, India","₹5,933 ",5.0
169,"Lonavala, India","₹11,600 ",4.97
170,"Mapgaon, India","₹19,136 ",5.0
171,"Lonavala, India","₹13,494 ",4.9
172,"Lonavla, India","₹15,062 ",4.97
173,"Karjat, India","₹11,184 ",5.0
174,"Lonavala, India","₹19,926 ",4.9
175,"Lonavala, India","₹20,899 ",5.0
176,"Lonavala, India","₹4,565 ",4.94
177,"Lonavla, India","₹15,805 ",4.95
178,"Mira Bhayandar, India","₹16,675 ",5.0
179,"Lonavala, India","₹13,215 ",4.92
180,"Lonavla, India","₹25,562 ",5.0
181,"Sahan, India","₹25,106 ",5.0
182,"Bhayandar (West), India","₹14,621 ",4.99
183,"Raigad, India","₹21,081 ",4.92
184,"Sasawane, India","₹48,898 ",5.0
185,"Golewadi, Pune, India","₹13,694 ",5.0
186,"Lonavala, India","₹10,064 ",5.0
187,"Bamansure, India","₹22,166 ",5.0
188,"Lonavala, India","₹5,933 ",5.0
189,"Lonavala, India","₹11,600 ",4.97
190,"Mapgaon, India","₹19,136 ",5.0
191,"Lonavala, India","₹13,494 ",4.9
192,"Lonavla, India","₹15,062 ",4.97
193,"Karjat, India","₹11,184 ",5.0
194,"Lonavala, India","₹19,926 ",4.9
195,"Lonavala, India","₹20,899 ",5.0
196,"Lonavala, India","₹4,565 ",4.94
197,"Lonavla, India","₹15,805 ",4.95
198,"Mira Bhayandar, India","₹16,675 ",5.0
199,"Lonavala, India","₹13,215 ",4.92
200,"Lonavla, India","₹25,562 ",5.0
201,"Sahan, India","₹25,106 ",5.0
202,"Bhayandar (West), India","₹14,621 ",4.99
203,"Raigad, India","₹21,081 ",4.92
204,"Sasawane, India","₹48,898 ",5.0
205,"Golewadi, Pune, India","₹13,694 ",5.0
206,"Lonavala, India","₹10,064 ",5.0
207,"Bamansure, India","₹22,166 ",5.0
208,"Lonavala, India","₹5,933 ",5.0
209,"Lonavala, India","₹11,600 ",4.97
210,"Mapgaon, India","₹19,136 ",5.0
211,"Lonavala, India","₹13,494 ",4.9
212,"Lonavla, India","₹15,062 ",4.97
213,"Karjat, India","₹11,184 ",5.0
214,"Lonavala, India","₹19,926 ",4.9
215,"Lonavala, India","₹20,899 ",5.0
216,"Lonavala, India","₹4,565 ",4.94
217,"Lonavla, India","₹15,805 ",4.95
218,"Mira Bhayandar, India","₹16,675 ",5.0
219,"Lonavala, India","₹13,215 ",4.92
220,"Lonavla, India","₹25,562 ",5.0
221,"Sahan, India","₹25,106 ",5.0
222,"Bhayandar (West), India","₹14,621 ",4.99
223,"Raigad, India","₹21,081 ",4.92
224,"Sasawane, India","₹48,898 ",5.0
225,"Golewadi, Pune, India","₹13,694 ",5.0
226,"Lonavala, India","₹10,064 ",5.0
227,"Bamansure, India","₹22,166 ",5.0
228,"Lonavala, India","₹5,933 ",5.0
229,"Lonavala, India","₹11,600 ",4.97
230,"Mapgaon, India","₹19,136 ",5.0
231,"Lonavala, India","₹13,494 ",4.9
232,"Lonavla, India","₹15,062 ",4.97
233,"Karjat, India","₹11,184 ",5.0
234,"Lonavala, India","₹19,926 ",4.9
235,"Lonavala, India","₹20,899 ",5.0
236,"Lonavala, India","₹4,565 ",4.94
237,"Lonavla, India","₹15,805 ",4.95
238,"Mira Bhayandar, India","₹16,675 ",5.0
239,"Lonavala, India","₹13,215 ",4.92
240,"Lonavla, India","₹25,562 ",5.0
241,"Sahan, India","₹25,106 ",5.0
242,"Bhayandar (West), India","₹14,621 ",4.99
243,"Raigad, India","₹21,081 ",4.92
244,"Sasawane, India","₹48,898 ",5.0
245,"Golewadi, Pune, India","₹13,694 ",5.0
246,"Lonavala, India","₹10,064 ",5.0
247,"Bamansure, India","₹22,166 ",5.0
248,"Lonavala, India","₹5,933 ",5.0
249,"Lonavala, India","₹11,600 ",4.97
250,"Mapgaon, India","₹19,136 ",5.0
251,"Lonavala, India","₹13,494 ",4.9
252,"Lonavla, India","₹15,062 ",4.97
253,"Karjat, India","₹11,184 ",5.0
254,"Lonavala, India","₹19,926 ",4.9
255,"Lonavala, India","₹20,899 ",5.0
256,"Lonavala, India","₹4,565 ",4.94
257,"Lonavla, India","₹15,805 ",4.95
258,"Mira Bhayandar, India","₹16,675 ",5.0
259,"Lonavala, India","₹13,215 ",4.92
260,"Lonavla, India","₹25,562 ",5.0
261,"Sahan, India","₹25,106 ",5.0
262,"Bhayandar (West), India","₹14,621 ",4.99
263,"Raigad, India","₹21,081 ",4.92
264,"Sasawane, India","₹48,898 ",5.0
265,"Golewadi, Pune, India","₹13,694 ",5.0
266,"Lonavala, India","₹10,064 ",5.0
267,"Bamansure, India","₹22,166 ",5.0
268,"Lonavala, India","₹5,933 ",5.0
269,"Lonavala, India","₹11,600 ",4.97
270,"Mapgaon, India","₹19,136 ",5.0
271,"Lonavala, India","₹13,494 ",4.9
272,"Lonavla, India","₹15,062 ",4.97
273,"Karjat, India","₹11,184 ",5.0
274,"Lonavala, India","₹19,926 ",4.9
275,"Lonavala, India","₹20,899 ",5.0
276,"Lonavala, India","₹4,565 ",4.94
277,"Lonavla, India","₹15,805 ",4.95
278,"Mira Bhayandar, India","₹16,675 ",5.0
279,"Lonavala, India","₹13,215 ",4.92
280,"Lonavla, India","₹25,562 ",5.0
281,"Sahan, India","₹25,106 ",5.0
282,"Bhayandar (West), India","₹14,621 ",4.99
283,"Raigad, India","₹21,081 ",4.92
284,"Sasawane, India","₹48,898 ",5.0
285,"Golewadi, Pune, India","₹13,694 ",5.0
286,"Lonavala, India","₹10,064 ",5.0
287,"Bamansure, India","₹22,166 ",5.0
288,"Lonavala, India","₹5,933 ",5.0
289,"Lonavala, India","₹11,600 ",4.97
290,"Mapgaon, India","₹19,136 ",5.0
291,"Lonavala, India","₹13,494 ",4.9
292,"Lonavla, India","₹15,062 ",4.97
293,"Karjat, India","₹11,184 ",5.0
294,"Lonavala, India","₹19,926 ",4.9
295,"Lonavala, India","₹20,899 ",5.0
296,"Lonavala, India","₹4,565 ",4.94
297,"Lonavla, India","₹15,805 ",4.95
298,"Mira Bhayandar, India","₹16,675 ",5.0
299,"Lonavala, India","₹13,215 ",4.92
300,"Lonavla, India","₹25,562 ",5.0
301,"Sahan, India","₹25,106 ",5.0
302,"Bhayandar (West), India","₹14,621 ",4.99
303,"Raigad, India","₹21,081 ",4.92
304,"Sasawane, India","₹48,898 ",5.0
305,"Golewadi, Pune, India","₹13,694 ",5.0
306,"Lonavala, India","₹10,064 ",5.0
307,"Bamansure, India","₹22,166 ",5.0
308,"Lonavala, India","₹5,933 ",5.0
309,"Lonavala, India","₹11,600 ",4.97
310,"Mapgaon, India","₹19,136 ",5.0
311,"Lonavala, India","₹13,494 ",4.9
312,"Lonavla, India","₹15,062 ",4.97
313,"Karjat, India","₹11,184 ",5.0
314,"Lonavala, India","₹19,926 ",4.9
315,"Lonavala, India","₹20,899 ",5.0
316,"Lonavala, India","₹4,565 ",4.94
317,"Lonavla, India","₹15,805 ",4.95
318,"Mira Bhayandar, India","₹16,675 ",5.0
319,"Lonavala, India","₹13,215 ",4.92
320,"Lonavla, India","₹25,562 ",5.0
321,"Sahan, India","₹25,106 ",5.0
322,"Bhayandar (West), India","₹14,621 ",4.99
323,"Raigad, India","₹21,081 ",4.92
324,"Sasawane, India","₹48,898 ",5.0
325,"Golewadi, Pune, India","₹13,694 ",5.0
326,"Lonavala, India","₹10,064 ",5.0
327,"Bamansure, India","₹22,166 ",5.0
328,"Lonavala, India","₹5,933 ",5.0
329,"Lonavala, India","₹11,600 ",4.97
330,"Mapgaon, India","₹19,136 ",5.0
331,"Lonavala, India","₹13,494 ",4.9
332,"Lonavla, India","₹15,062 ",4.97
333,"Karjat, India","₹11,184 ",5.0
334,"Lonavala, India","₹19,926 ",4.9
335,"Lonavala, India","₹20,899 ",5.0
336,"Lonavala, India","₹4,565 ",4.94
337,"Lonavla, India","₹15,805 ",4.95
338,"Mira Bhayandar, India","₹16,675 ",5.0
339,"Lonavala, India","₹13,215 ",4.92
340,"Lonavla, India","₹25,562 ",5.0
341,"Sahan, India","₹25,106 ",5.0
342,"Bhayandar (West), India","₹14,621 ",4.99
343,"Raigad, India","₹21,081 ",4.92
344,"Sasawane, India","₹48,898 ",5.0
345,"Golewadi, Pune, India","₹13,694 ",5.0
346,"Lonavala, India","₹10,064 ",5.0
347,"Bamansure, India","₹22,166 ",5.0
348,"Lonavala, India","₹5,933 ",5.0
349,"Lonavala, India","₹11,600 ",4.97
350,"Mapgaon, India","₹19,136 ",5.0
351,"Lonavala, India","₹13,494 ",4.9
352,"Lonavla, India","₹15,062 ",4.97
353,"Karjat, India","₹11,184 ",5.0
354,"Lonavala, India","₹19,926 ",4.9
355,"Lonavala, India","₹20,899 ",5.0
356,"Lonavala, India","₹4,565 ",4.94
357,"Lonavla, India","₹15,805 ",4.95
358,"Mira Bhayandar, India","₹16,675 ",5.0
359,"Lonavala, India","₹13,215 ",4.92
360,"Lonavla, India","₹25,562 ",5.0
361,"Sahan, India","₹25,106 ",5.0
362,"Bhayandar (West), India","₹14,621 ",4.99
363,"Raigad, India","₹21,081 ",4.92
364,"Sasawane, India","₹48,898 ",5.0
365,"Golewadi, Pune, India","₹13,694 ",5.0
366,"Lonavala, India","₹10,064 ",5.0
367,"Bamansure, India","₹22,166 ",5.0
368,"Lonavala, India","₹5,933 ",5.0
369,"Lonavala, India","₹11,600 ",4.97
370,"Mapgaon, India","₹19,136 ",5.0
371,"Lonavala, India","₹13,494 ",4.9
372,"Lonavla, India","₹15,062 ",4.97
373,"Karjat, India","₹11,184 ",5.0
374,"Lonavala, India","₹19,926 ",4.9
375,"Lonavala, India","₹20,899 ",5.0
376,"Lonavala, India","₹4,565 ",4.94
377,"Lonavla, India","₹15,805 ",4.95
378,"Mira Bhayandar, India","₹16,675 ",5.0
379,"Lonavala, India","₹13,215 ",4.92
380,"Lonavla, India","₹25,562 ",5.0
381,"Sahan, India","₹25,106 ",5.0
382,"Bhayandar (West), India","₹14,621 ",4.99
383,"Raigad, India","₹21,081 ",4.92
384,"Sasawane, India","₹48,898 ",5.0
385,"Golewadi, Pune, India","₹13,694 ",5.0
386,"Lonavala, India","₹10,064 ",5.0
387,"Bamansure, India","₹22,166 ",5.0
388,"Lonavala, India","₹5,933 ",5.0
389,"Lonavala, India","₹11,600 ",4.97
390,"Mapgaon, India","₹19,136 ",5.0
391,"Lonavala, India","₹13,494 ",4.9
392,"Lonavla, India","₹15,062 ",4.97
393,"Karjat, India","₹11,184 ",5.0
394,"Lonavala, India","₹19,926 ",4.9
395,"Lonavala, India","₹20,899 ",5.0
396,"Lonavala, India","₹4,565 ",4.94
397,"Lonavla, India","₹15,805 ",4.95
398,"Mira Bhayandar, India","₹16,675 ",5.0
399,"Lonavala, India","₹13,215 ",4.92
400,"Lonavla, India","₹25,562 ",5.0
401,"Sahan, India","₹25,106 ",5.0
402,"Bhayandar (West), India","₹14,621 ",4.99
403,"Raigad, India","₹21,081 ",4.92
404,"Sasawane, India","₹48,898 ",5.0
405,"Golewadi, Pune, India","₹13,694 ",5.0
406,"Lonavala, India","₹10,064 ",5.0
407,"Bamansure, India","₹22,166 ",5.0
408,"Lonavala, India","₹5,933 ",5.0
409,"Lonavala, India","₹11,600 ",4.97
410,"Mapgaon, India","₹19,136 ",5.0
411,"Lonavala, India","₹13,494 ",4.9
412,"Lonavla, India","₹15,062 ",4.97
413,"Karjat, India","₹11,184 ",5.0
414,"Lonavala, India","₹19,926 ",4.9
415,"Lonavala, India","₹20,899 ",5.0
416,"Lonavala, India","₹4,565 ",4.94
417,"Lonavla, India","₹15,805 ",4.95
418,"Mira Bhayandar, India","₹16,675 ",5.0
419,"Lonavala, India","₹13,215 ",4.92
420,"Lonavla, India","₹25,562 ",5.0
421,"Sahan, India","₹25,106 ",5.0
422,"Bhayandar (West), India","₹14,621 ",4.99
423,"Raigad, India","₹21,081 ",4.92
424,"Sasawane, India","₹48,898 ",5.0
425,"Golewadi, Pune, India","₹13,694 ",5.0
426,"Lonavala, India","₹10,064 ",5.0
427,"Bamansure, India","₹22,166 ",5.0
428,"Lonavala, India","₹5,933 ",5.0
429,"Lonavala, India","₹11,600 ",4.97
430,"Mapgaon, India","₹19,136 ",5.0
431,"Lonavala, India","₹13,494 ",4.9
432,"Lonavla, India","₹15,062 ",4.97
433,"Karjat, India","₹11,184 ",5.0
434,"Lonavala, India","₹19,926 ",4.9
435,"Lonavala, India","₹20,899 ",5.0
436,"Lonavala, India","₹4,565 ",4.94
437,"Lonavla, India","₹15,805 ",4.95
438,"Mira Bhayandar, India","₹16,675 ",5.0
439,"Lonavala, India","₹13,215 ",4.92
440,"Lonavla, India","₹25,562 ",5.0
441,"Sahan, India","₹25,106 ",5.0
442,"Bhayandar (West), India","₹14,621 ",4.99
443,"Raigad, India","₹21,081 ",4.92
444,"Sasawane, India","₹48,898 ",5.0
445,"Golewadi, Pune, India","₹13,694 ",5.0
446,"Lonavala, India","₹10,064 ",5.0
447,"Bamansure, India","₹22,166 ",5.0
448,"Lonavala, India","₹5,933 ",5.0
449,"Lonavala, India","₹11,600 ",4.97
450,"Mapgaon, India","₹19,136 ",5.0
451,"Lonavala, India","₹13,494 ",4.9
452,"Lonavla, India","₹15,062 ",4.97
453,"Karjat, India","₹11,184 ",5.0
454,"Lonavala, India","₹19,926 ",4.9
455,"Lonavala, India","₹20,899 ",5.0
456,"Lonavala, India","₹4,565 ",4.94
457,"Lonavla, India","₹15,805 ",4.95
458,"Mira Bhayandar, India","₹16,675 ",5.0
459,"Lonavala, India","₹13,215 ",4.92
460,"Lonavla, India","₹25,562 ",5.0
461,"Sahan, India","₹25,106 ",5.0
462,"Bhayandar (West), India","₹14,621 ",4.99
463,"Raigad, India","₹21,081 ",4.92
464,"Sasawane, India","₹48,898 ",5.0
465,"Golewadi, Pune, India","₹13,694 ",5.0
466,"Lonavala, India","₹10,064 ",5.0
467,"Bamansure, India","₹22,166 ",5.0
468,"Lonavala, India","₹5,933 ",5.0
469,"Lonavala, India","₹11,600 ",4.97
470,"Mapgaon, India","₹19,136 ",5.0
471,"Lonavala, India","₹13,494 ",4.9
472,"Lonavla, India","₹15,062 ",4.97
473,"Karjat, India","₹11,184 ",5.0
474,"Lonavala, India","₹19,926 ",4.9
475,"Lonavala, India","₹20,899 ",5.0
476,"Lonavala, India","₹4,565 ",4.94
477,"Lonavla, India","₹15,805 ",4.95
478,"Mira Bhayandar, India","₹16,675 ",5.0
479,"Lonavala, India","₹13,215 ",4.92
480,"Lonavla, India","₹25,562 ",5.0
481,"Sahan, India","₹25,106 ",5.0
482,"Bhayandar (West), India","₹14,621 ",4.99
483,"Raigad, India","₹21,081 ",4.92
484,"Sasawane, India","₹48,898 ",5.0
485,"Golewadi, Pune, India","₹13,694 ",5.0
486,"Lonavala, India","₹10,064 ",5.0
487,"Bamansure, India","₹22,166 ",5.0
488,"Lonavala, India","₹5,933 ",5.0
489,"Lonavala, India","₹11,600 ",4.97
490,"Mapgaon, India","₹19,136 ",5.0
491,"Lonavala, India","₹13,494 ",4.9
492,"Lonavla, India","₹15,062 ",4.97
493,"Karjat, India","₹11,184 ",5.0
494,"Lonavala, India","₹19,926 ",4.9
495,"Lonavala, India","₹20,899 ",5.0
496,"Lonavala, India","₹4,565 ",4.94
497,"Lonavla, India","₹15,805 ",4.95
498,"Mira Bhayandar, India","₹16,675 ",5.0
499,"Lonavala, India","₹13,215 ",4.92
500,"Lonavla, India","₹25,562 ",5.0
501,"Sahan, India","₹25,106 ",5.0
502,"Bhayandar (West), India","₹14,621 ",4.99
503,"Raigad, India","₹21,081 ",4.92
504,"Sasawane, India","₹48,898 ",5.0
505,"Golewadi, Pune, India","₹13,694 ",5.0
506,"Lonavala, India","₹10,064 ",5.0
507,"Bamansure, India","₹22,166 ",5.0
508,"Lonavala, India","₹5,933 ",5.0
509,"Lonavala, India","₹11,600 ",4.97
510,"Mapgaon, India","₹19,136 ",5.0
511,"Lonavala, India","₹13,494 ",4.9
512,"Lonavla, India","₹15,062 ",4.97
513,"Karjat, India","₹11,184 ",5.0
514,"Lonavala, India","₹19,926 ",4.9
515,"Lonavala, India","₹20,899 ",5.0
516,"Lonavala, India","₹4,565 ",4.94
517,"Lonavla, India","₹15,805 ",4.95
518,"Mira Bhayandar, India","₹16,675 ",5.0
519,"Lonavala, India","₹13,215 ",4.92
520,"Lonavla, India","₹25,562 ",5.0
521,"Sahan, India","₹25,106 ",5.0
522,"Bhayandar (West), India","₹14,621 ",4.99
523,"Raigad, India","₹21,081 ",4.92
524,"Sasawane, India","₹48,898 ",5.0
525,"Golewadi, Pune, India","₹13,694 ",5.0
526,"Lonavala, India","₹10,064 ",5.0
527,"Bamansure, India","₹22,166 ",5.0
528,"Lonavala, India","₹5,933 ",5.0
529,"Lonavala, India","₹11,600 ",4.97
530,"Mapgaon, India","₹19,136 ",5.0
531,"Lonavala, India","₹13,494 ",4.9
532,"Lonavla, India","₹15,062 ",4.97
533,"Karjat, India","₹11,184 ",5.0
534,"Lonavala, India","₹19,926 ",4.9
535,"Lonavala, India","₹20,899 ",5.0
536,"Lonavala, India","₹4,565 ",4.94
537,"Lonavla, India","₹15,805 ",4.95
538,"Mira Bhayandar, India","₹16,675 ",5.0
539,"Lonavala, India","₹13,215 ",4.92
540,"Lonavla, India","₹25,562 ",5.0
541,"Sahan, India","₹25,106 ",5.0
542,"Bhayandar (West), India","₹14,621 ",4.99
543,"Raigad, India","₹21,081 ",4.92
544,"Sasawane, India","₹48,898 ",5.0
545,"Golewadi, Pune, India","₹13,694 ",5.0
546,"Lonavala, India","₹10,064 ",5.0
547,"Bamansure, India","₹22,166 ",5.0
548,"Lonavala, India","₹5,933 ",5.0
549,"Lonavala, India","₹11,600 ",4.97
550,"Mapgaon, India","₹19,136 ",5.0
551,"Lonavala, India","₹13,494 ",4.9
552,"Lonavla, India","₹15,062 ",4.97
553,"Karjat, India","₹11,184 ",5.0
554,"Lonavala, India","₹19,926 ",4.9
555,"Lonavala, India","₹20,899 ",5.0
556,"Lonavala, India","₹4,565 ",4.94
557,"Lonavla, India","₹15,805 ",4.95
558,"Mira Bhayandar, India","₹16,675 ",5.0
559,"Lonavala, India","₹13,215 ",4.92
560,"Lonavla, India","₹25,562 ",5.0
561,"Sahan, India","₹25,106 ",5.0
562,"Bhayandar (West), India","₹14,621 ",4.99
563,"Raigad, India","₹21,081 ",4.92
564,"Sasawane, India","₹48,898 ",5.0
565,"Golewadi, Pune, India","₹13,694 ",5.0
566,"Lonavala, India","₹10,064 ",5.0
567,"Bamansure, India","₹22,166 ",5.0
568,"Lonavala, India","₹5,933 ",5.0
569,"Lonavala, India","₹11,600 ",4.97
570,"Mapgaon, India","₹19,136 ",5.0
571,"Lonavala, India","₹13,494 ",4.9
572,"Lonavla, India","₹15,062 ",4.97
573,"Karjat, India","₹11,184 ",5.0
574,"Lonavala, India","₹19,926 ",4.9
575,"Lonavala, India","₹20,899 ",5.0
576,"Lonavala, India","₹4,565 ",4.94
577,"Lonavla, India","₹15,805 ",4.95
578,"Mira Bhayandar, India","₹16,675 ",5.0
579,"Lonavala, India","₹13,215 ",4.92
580,"Lonavla, India","₹25,562 ",5.0
581,"Sahan, India","₹25,106 ",5.0
582,"Bhayandar (West), India","₹14,621 ",4.99
583,"Raigad, India","₹21,081 ",4.92
584,"Sasawane, India","₹48,898 ",5.0
585,"Golewadi, Pune, India","₹13,694 ",5.0
586,"Lonavala, India","₹10,064 ",5.0
587,"Bamansure, India","₹22,166 ",5.0
588,"Lonavala, India","₹5,933 ",5.0
589,"Lonavala, India","₹11,600 ",4.97
590,"Mapgaon, India","₹19,136 ",5.0
591,"Lonavala, India","₹13,494 ",4.9
592,"Lonavla, India","₹15,062 ",4.97
593,"Karjat, India","₹11,184 ",5.0
594,"Lonavala, India","₹19,926 ",4.9
595,"Lonavala, India","₹20,899 ",5.0
596,"Lonavala, India","₹4,565 ",4.94
597,"Lonavla, India","₹15,805 ",4.95
598,"Mira Bhayandar, India","₹16,675 ",5.0
599,"Lonavala, India","₹13,215 ",4.92
600,"Lonavla, India","₹25,562 ",5.0
601,"Sahan, India","₹25,106 ",5.0
602,"Bhayandar (West), India","₹14,621 ",4.99
603,"Raigad, India","₹21,081 ",4.92
604,"Sasawane, India","₹48,898 ",5.0
605,"Golewadi, Pune, India","₹13,694 ",5.0
606,"Lonavala, India","₹10,064 ",5.0
607,"Bamansure, India","₹22,166 ",5.0
608,"Lonavala, India","₹5,933 ",5.0
609,"Lonavala, India","₹11,600 ",4.97
610,"Mapgaon, India","₹19,136 ",5.0
611,"Lonavala, India","₹13,494 ",4.9
612,"Lonavla, India","₹15,062 ",4.97
613,"Karjat, India","₹11,184 ",5.0
614,"Lonavala, India","₹19,926 ",4.9
615,"Lonavala, India","₹20,899 ",5.0
616,"Lonavala, India","₹4,565 ",4.94
617,"Lonavla, India","₹15,805 ",4.95
618,"Mira Bhayandar, India","₹16,675 ",5.0
619,"Lonavala, India","₹13,215 ",4.92
620,"Lonavla, India","₹25,562 ",5.0
621,"Sahan, India","₹25,106 ",5.0
622,"Bhayandar (West), India","₹14,621 ",4.99
623,"Raigad, India","₹21,081 ",4.92
624,"Sasawane, India","₹48,898 ",5.0
625,"Golewadi, Pune, India","₹13,694 ",5.0
626,"Lonavala, India","₹10,064 ",5.0
627,"Bamansure, India","₹22,166 ",5.0
628,"Lonavala, India","₹5,933 ",5.0
629,"Lonavala, India","₹11,600 ",4.97
630,"Mapgaon, India","₹19,136 ",5.0
631,"Lonavala, India","₹13,494 ",4.9
632,"Lonavla, India","₹15,062 ",4.97
633,"Karjat, India","₹11,184 ",5.0
634,"Lonavala, India","₹19,926 ",4.9
635,"Lonavala, India","₹20,899 ",5.0
636,"Lonavala, India","₹4,565 ",4.94
637,"Lonavla, India","₹15,805 ",4.95
638,"Mira Bhayandar, India","₹16,675 ",5.0
639,"Lonavala, India","₹13,215 ",4.92
640,"Lonavla, India","₹25,562 ",5.0
641,"Sahan, India","₹25,106 ",5.0
642,"Bhayandar (West), India","₹14,621 ",4.99
643,"Raigad, India","₹21,081 ",4.92
644,"Sasawane, India","₹48,898 ",5.0
645,"Golewadi, Pune, India","₹13,694 ",5.0
646,"Lonavala, India","₹10,064 ",5.0
647,"Bamansure, India","₹22,166 ",5.0
648,"Lonavala, India","₹5,933 ",5.0
649,"Lonavala, India","₹11,600 ",4.97
650,"Mapgaon, India","₹19,136 ",5.0
651,"Lonavala, India","₹13,494 ",4.9
652,"Lonavla, India","₹15,062 ",4.97
653,"Karjat, India","₹11,184 ",5.0
654,"Lonavala, India","₹19,926 ",4.9
655,"Lonavala, India","₹20,899 ",5.0
656,"Lonavala, India","₹4,565 ",4.94
657,"Lonavla, India","₹15,805 ",4.95
658,"Mira Bhayandar, India","₹16,675 ",5.0
659,"Lonavala, India","₹13,215 ",4.92
660,"Lonavla, India","₹25,562 ",5.0
661,"Sahan, India","₹25,106 ",5.0
662,"Bhayandar (West), India","₹14,621 ",4.99
663,"Raigad, India","₹21,081 ",4.92
664,"Sasawane, India","₹48,898 ",5.0
665,"Golewadi, Pune, India","₹13,694 ",5.0
666,"Lonavala, India","₹10,064 ",5.0
667,"Bamansure, India","₹22,166 ",5.0
668,"Lonavala, India","₹5,933 ",5.0
669,"Lonavala, India","₹11,600 ",4.97
670,"Mapgaon, India","₹19,136 ",5.0
671,"Lonavala, India","₹13,494 ",4.9
672,"Lonavla, India","₹15,062 ",4.97
673,"Karjat, India","₹11,184 ",5.0
674,"Lonavala, India","₹19,926 ",4.9
675,"Lonavala, India","₹20,899 ",5.0
676,"Lonavala, India","₹4,565 ",4.94
677,"Lonavla, India","₹15,805 ",4.95
678,"Mira Bhayandar, India","₹16,675 ",5.0
679,"Lonavala, India","₹13,215 ",4.92
680,"Lonavla, India","₹25,562 ",5.0
681,"Sahan, India","₹25,106 ",5.0
682,"Bhayandar (West), India","₹14,621 ",4.99
683,"Raigad, India","₹21,081 ",4.92
684,"Sasawane, India","₹48,898 ",5.0
685,"Golewadi, Pune, India","₹13,694 ",5.0
686,"Lonavala, India","₹10,064 ",5.0
687,"Bamansure, India","₹22,166 ",5.0
688,"Lonavala, India","₹5,933 ",5.0
689,"Lonavala, India","₹11,600 ",4.97
690,"Mapgaon, India","₹19,136 ",5.0
691,"Lonavala, India","₹13,494 ",4.9
692,"Lonavla, India","₹15,062 ",4.97
693,"Karjat, India","₹11,184 ",5.0
694,"Lonavala, India","₹19,926 ",4.9
695,"Lonavala, India","₹20,899 ",5.0
696,"Lonavala, India","₹4,565 ",4.94
697,"Lonavla, India","₹15,805 ",4.95
698,"Mira Bhayandar, India","₹16,675 ",5.0
699,"Lonavala, India","₹13,215 ",4.92
700,"Lonavla, India","₹25,562 ",5.0
701,"Sahan, India","₹25,106 ",5.0
702,"Bhayandar (West), India","₹14,621 ",4.99
703,"Raigad, India","₹21,081 ",4.92
704,"Sasawane, India","₹48,898 ",5.0
705,"Golewadi, Pune, India","₹13,694 ",5.0
706,"Lonavala, India","₹10,064 ",5.0
707,"Bamansure, India","₹22,166 ",5.0
708,"Lonavala, India","₹5,933 ",5.0
709,"Lonavala, India","₹11,600 ",4.97
710,"Mapgaon, India","₹19,136 ",5.0
711,"Lonavala, India","₹13,494 ",4.9
712,"Lonavla, India","₹15,062 ",4.97
713,"Karjat, India","₹11,184 ",5.0
714,"Lonavala, India","₹19,926 ",4.9
715,"Lonavala, India","₹20,899 ",5.0
716,"Lonavala, India","₹4,565 ",4.94
717,"Lonavla, India","₹15,805 ",4.95
718,"Mira Bhayandar, India","₹16,675 ",5.0
719,"Lonavala, India","₹13,215 ",4.92
720,"Lonavla, India","₹25,562 ",5.0
721,"Sahan, India","₹25,106 ",5.0
722,"Bhayandar (West), India","₹14,621 ",4.99
723,"Raigad, India","₹21,081 ",4.92
724,"Sasawane, India","₹48,898 ",5.0
725,"Golewadi, Pune, India","₹13,694 ",5.0
726,"Lonavala, India","₹10,064 ",5.0
727,"Bamansure, India","₹22,166 ",5.0
728,"Lonavala, India","₹5,933 ",5.0
729,"Lonavala, India","₹11,600 ",4.97
730,"Mapgaon, India","₹19,136 ",5.0
731,"Lonavala, India","₹13,494 ",4.9
732,"Lonavla, India","₹15,062 ",4.97
733,"Karjat, India","₹11,184 ",5.0
734,"Lonavala, India","₹19,926 ",4.9
735,"Lonavala, India","₹20,899 ",5.0
736,"Lonavala, India","₹4,565 ",4.94
737,"Lonavla, India","₹15,805 ",4.95
738,"Mira Bhayandar, India","₹16,675 ",5.0
739,"Lonavala, India","₹13,215 ",4.92
740,"Lonavla, India","₹25,562 ",5.0
741,"Sahan, India","₹25,106 ",5.0
742,"Bhayandar (West), India","₹14,621 ",4.99
743,"Raigad, India","₹21,081 ",4.92
744,"Sasawane, India","₹48,898 ",5.0
745,"Golewadi, Pune, India","₹13,694 ",5.0
746,"Lonavala, India","₹10,064 ",5.0
747,"Bamansure, India","₹22,166 ",5.0
748,"Lonavala, India","₹5,933 ",5.0
749,"Lonavala, India","₹11,600 ",4.97
750,"Mapgaon, India","₹19,136 ",5.0
751,"Lonavala, India","₹13,494 ",4.9
752,"Lonavla, India","₹15,062 ",4.97
753,"Karjat, India","₹11,184 ",5.0
754,"Lonavala, India","₹19,926 ",4.9
755,"Lonavala, India","₹20,899 ",5.0
756,"Lonavala, India","₹4,565 ",4.94
757,"Lonavla, India","₹15,805 ",4.95
758,"Mira Bhayandar, India","₹16,675 ",5.0
759,"Lonavala, India","₹13,215 ",4.92
760,"Lonavla, India","₹25,562 ",5.0
761,"Sahan, India","₹25,106 ",5.0
762,"Bhayandar (West), India","₹14,621 ",4.99
763,"Raigad, India","₹21,081 ",4.92
764,"Sasawane, India","₹48,898 ",5.0
765,"Golewadi, Pune, India","₹13,694 ",5.0
766,"Lonavala, India","₹10,064 ",5.0
767,"Bamansure, India","₹22,166 ",5.0
768,"Lonavala, India","₹5,933 ",5.0
769,"Lonavala, India","₹11,600 ",4.97
770,"Mapgaon, India","₹19,136 ",5.0
771,"Lonavala, India","₹13,494 ",4.9
772,"Lonavla, India","₹15,062 ",4.97
773,"Karjat, India","₹11,184 ",5.0
774,"Lonavala, India","₹19,926 ",4.9
775,"Lonavala, India","₹20,899 ",5.0
776,"Lonavala, India","₹4,565 ",4.94
777,"Lonavla, India","₹15,805 ",4.95
778,"Mira Bhayandar, India","₹16,675 ",5.0
779,"Lonavala, India","₹13,215 ",4.92
780,"Lonavla, India","₹25,562 ",5.0
781,"Sahan, India","₹25,106 ",5.0
782,"Bhayandar (West), India","₹14,621 ",4.99
783,"Raigad, India","₹21,081 ",4.92
784,"Sasawane, India","₹48,898 ",5.0
785,"Golewadi, Pune, India","₹13,694 ",5.0
786,"Lonavala, India","₹10,064 ",5.0
787,"Bamansure, India","₹22,166 ",5.0
788,"Lonavala, India","₹5,933 ",5.0
789,"Lonavala, India","₹11,600 ",4.97
790,"Mapgaon, India","₹19,136 ",5.0
791,"Lonavala, India","₹13,494 ",4.9
792,"Lonavla, India","₹15,062 ",4.97
793,"Karjat, India","₹11,184 ",5.0
794,"Lonavala, India","₹19,926 ",4.9
795,"Lonavala, India","₹20,899 ",5.0
796,"Lonavala, India","₹4,565 ",4.94
797,"Lonavla, India","₹15,805 ",4.95
798,"Mira Bhayandar, India","₹16,675 ",5.0
799,"Lonavala, India","₹13,215 ",4.92
800,"Lonavla, India","₹25,562 ",5.0
801,"Sahan, India","₹25,106 ",5.0
802,"Bhayandar (West), India","₹14,621 ",4.99
803,"Raigad, India","₹21,081 ",4.92
804,"Sasawane, India","₹48,898 ",5.0
805,"Golewadi, Pune, India","₹13,694 ",5.0
806,"Lonavala, India","₹10,064 ",5.0
807,"Bamansure, India","₹22,166 ",5.0
808,"Lonavala, India","₹5,933 ",5.0
809,"Lonavala, India","₹11,600 ",4.97
810,"Mapgaon, India","₹19,136 ",5.0
811,"Lonavala, India","₹13,494 ",4.9
812,"Lonavla, India","₹15,062 ",4.97
813,"Karjat, India","₹11,184 ",5.0
814,"Lonavala, India","₹19,926 ",4.9
815,"Lonavala, India","₹20,899 ",5.0
816,"Lonavala, India","₹4,565 ",4.94
817,"Lonavla, India","₹15,805 ",4.95
818,"Mira Bhayandar, India","₹16,675 ",5.0
819,"Lonavala, India","₹13,215 ",4.92
820,"Lonavla, India","₹25,562 ",5.0
821,"Sahan, India","₹25,106 ",5.0
822,"Bhayandar (West), India","₹14,621 ",4.99
823,"Raigad, India","₹21,081 ",4.92
824,"Sasawane, India","₹48,898 ",5.0
825,"Golewadi, Pune, India","₹13,694 ",5.0
826,"Lonavala, India","₹10,064 ",5.0
827,"Bamansure, India","₹22,166 ",5.0
828,"Lonavala, India","₹5,933 ",5.0
829,"Lonavala, India","₹11,600 ",4.97
830,"Mapgaon, India","₹19,136 ",5.0
831,"Lonavala, India","₹13,494 ",4.9
832,"Lonavla, India","₹15,062 ",4.97
833,"Karjat, India","₹11,184 ",5.0
834,"Lonavala, India","₹19,926 ",4.9
835,"Lonavala, India","₹20,899 ",5.0
836,"Lonavala, India","₹4,565 ",4.94
837,"Lonavla, India","₹15,805 ",4.95
838,"Mira Bhayandar, India","₹16,675 ",5.0
839,"Lonavala, India","₹13,215 ",4.92
840,"Lonavla, India","₹25,562 ",5.0
841,"Sahan, India","₹25,106 ",5.0
842,"Bhayandar (West), India","₹14,621 ",4.99
843,"Raigad, India","₹21,081 ",4.92
844,"Sasawane, India","₹48,898 ",5.0
845,"Golewadi, Pune, India","₹13,694 ",5.0
846,"Lonavala, India","₹10,064 ",5.0
847,"Bamansure, India","₹22,166 ",5.0
848,"Lonavala, India","₹5,933 ",5.0
849,"Lonavala, India","₹11,600 ",4.97
850,"Mapgaon, India","₹19,136 ",5.0
851,"Lonavala, India","₹13,494 ",4.9
852,"Lonavla, India","₹15,062 ",4.97
853,"Karjat, India","₹11,184 ",5.0
854,"Lonavala, India","₹19,926 ",4.9
855,"Lonavala, India","₹20,899 ",5.0
856,"Lonavala, India","₹4,565 ",4.94
857,"Lonavla, India","₹15,805 ",4.95
858,"Mira Bhayandar, India","₹16,675 ",5.0
859,"Lonavala, India","₹13,215 ",4.92
860,"Lonavla, India","₹25,562 ",5.0
861,"Sahan, India","₹25,106 ",5.0
862,"Bhayandar (West), India","₹14,621 ",4.99
863,"Raigad, India","₹21,081 ",4.92
864,"Sasawane, India","₹48,898 ",5.0
865,"Golewadi, Pune, India","₹13,694 ",5.0
866,"Lonavala, India","₹10,064 ",5.0
867,"Bamansure, India","₹22,166 ",5.0
868,"Lonavala, India","₹5,933 ",5.0
869,"Lonavala, India","₹11,600 ",4.97
870,"Mapgaon, India","₹19,136 ",5.0
871,"Lonavala, India","₹13,494 ",4.9
872,"Lonavla, India","₹15,062 ",4.97
873,"Karjat, India","₹11,184 ",5.0
874,"Lonavala, India","₹19,926 ",4.9
875,"Lonavala, India","₹20,899 ",5.0
876,"Lonavala, India","₹4,565 ",4.94
877,"Lonavla, India","₹15,805 ",4.95
878,"Mira Bhayandar, India","₹16,675 ",5.0
879,"Lonavala, India","₹13,215 ",4.92
880,"Lonavla, India","₹25,562 ",5.0
881,"Sahan, India","₹25,106 ",5.0
882,"Bhayandar (West), India","₹14,621 ",4.99
883,"Raigad, India","₹21,081 ",4.92
884,"Sasawane, India","₹48,898 ",5.0
885,"Golewadi, Pune, India","₹13,694 ",5.0
886,"Lonavala, India","₹10,064 ",5.0
887,"Bamansure, India","₹22,166 ",5.0
888,"Lonavala, India","₹5,933 ",5.0
889,"Lonavala, India","₹11,600 ",4.97
890,"Mapgaon, India","₹19,136 ",5.0
891,"Lonavala, India","₹13,494 ",4.9
892,"Lonavla, India","₹15,062 ",4.97
893,"Karjat, India","₹11,184 ",5.0
894,"Lonavala, India","₹19,926 ",4.9
895,"Lonavala, India","₹20,899 ",5.0
896,"Lonavala, India","₹4,565 ",4.94
897,"Lonavla, India","₹15,805 ",4.95
898,"Mira Bhayandar, India","₹16,675 ",5.0
899,"Lonavala, India","₹13,215 ",4.92
900,"Lonavla, India","₹25,562 ",5.0
901,"Sahan, India","₹25,106 ",5.0
902,"Bhayandar (West), India","₹14,621 ",4.99
903,"Raigad, India","₹21,081 ",4.92
904,"Sasawane, India","₹48,898 ",5.0
905,"Golewadi, Pune, India","₹13,694 ",5.0
906,"Lonavala, India","₹10,064 ",5.0
907,"Bamansure, India","₹22,166 ",5.0
908,"Lonavala, India","₹5,933 ",5.0
909,"Lonavala, India","₹11,600 ",4.97
910,"Mapgaon, India","₹19,136 ",5.0
911,"Lonavala, India","₹13,494 ",4.9
912,"Lonavla, India","₹15,062 ",4.97
913,"Karjat, India","₹11,184 ",5.0
914,"Lonavala, India","₹19,926 ",4.9
915,"Lonavala, India","₹20,899 ",5.0
916,"Lonavala, India","₹4,565 ",4.94
917,"Lonavla, India","₹15,805 ",4.95
918,"Mira Bhayandar, India","₹16,675 ",5.0
919,"Lonavala, India","₹13,215 ",4.92
920,"Lonavla, India","₹25,562 ",5.0
921,"Sahan, India","₹25,106 ",5.0
922,"Bhayandar (West), India","₹14,621 ",4.99
923,"Raigad, India","₹21,081 ",4.92
924,"Sasawane, India","₹48,898 ",5.0
925,"Golewadi, Pune, India","₹13,694 ",5.0
926,"Lonavala, India","₹10,064 ",5.0
927,"Bamansure, India","₹22,166 ",5.0
928,"Lonavala, India","₹5,933 ",5.0
929,"Lonavala, India","₹11,600 ",4.97
930,"Mapgaon, India","₹19,136 ",5.0
931,"Lonavala, India","₹13,494 ",4.9
932,"Lonavla, India","₹15,062 ",4.97
933,"Karjat, India","₹11,184 ",5.0
934,"Lonavala, India","₹19,926 ",4.9
935,"Lonavala, India","₹20,899 ",5.0
936,"Lonavala, India","₹4,565 ",4.94
937,"Lonavla, India","₹15,805 ",4.95
938,"Mira Bhayandar, India","₹16,675 ",5.0
939,"Lonavala, India","₹13,215 ",4.92
940,"Lonavla, India","₹25,562 ",5.0
941,"Sahan, India","₹25,106 ",5.0
942,"Bhayandar (West), India","₹14,621 ",4.99
943,"Raigad, India","₹21,081 ",4.92
944,"Sasawane, India","₹48,898 ",5.0
945,"Golewadi, Pune, India","₹13,694 ",5.0
946,"Lonavala, India","₹10,064 ",5.0
947,"Bamansure, India","₹22,166 ",5.0
948,"Lonavala, India","₹5,933 ",5.0
949,"Lonavala, India","₹11,600 ",4.97
950,"Mapgaon, India","₹19,136 ",5.0
951,"Lonavala, India","₹13,494 ",4.9
952,"Lonavla, India","₹15,062 ",4.97
953,"Karjat, India","₹11,184 ",5.0
954,"Lonavala, India","₹19,926 ",4.9
955,"Lonavala, India","₹20,899 ",5.0
956,"Lonavala, India","₹4,565 ",4.94
957,"Lonavla, India","₹15,805 ",4.95
958,"Mira Bhayandar, India","₹16,675 ",5.0
959,"Lonavala, India","₹13,215 ",4.92
960,"Lonavla, India","₹25,562 ",5.0
961,"Sahan, India","₹25,106 ",5.0
962,"Bhayandar (West), India","₹14,621 ",4.99
963,"Raigad, India","₹21,081 ",4.92
964,"Sasawane, India","₹48,898 ",5.0
965,"Golewadi, Pune, India","₹13,694 ",5.0
966,"Lonavala, India","₹10,064 ",5.0
967,"Bamansure, India","₹22,166 ",5.0
968,"Lonavala, India","₹5,933 ",5.0
969,"Lonavala, India","₹11,600 ",4.97
970,"Mapgaon, India","₹19,136 ",5.0
971,"Lonavala, India","₹13,494 ",4.9
972,"Lonavla, India","₹15,062 ",4.97
973,"Karjat, India","₹11,184 ",5.0
974,"Lonavala, India","₹19,926 ",4.9
975,"Lonavala, India","₹20,899 ",5.0
976,"Lonavala, India","₹4,565 ",4.94
977,"Lonavla, India","₹15,805 ",4.95
978,"Mira Bhayandar, India","₹16,675 ",5.0
979,"Lonavala, India","₹13,215 ",4.92
980,"Lonavla, India","₹25,562 ",5.0
981,"Sahan, India","₹25,106 ",5.0
982,"Bhayandar (West), India","₹14,621 ",4.99
983,"Raigad, India","₹21,081 ",4.92
984,"Sasawane, India","₹48,898 ",5.0
985,"Golewadi, Pune, India","₹13,694 ",5.0
986,"Lonavala, India","₹10,064 ",5.0
987,"Bamansure, India","₹22,166 ",5.0
988,"Lonavala, India","₹5,933 ",5.0
989,"Lonavala, India","₹11,600 ",4.97
990,"Mapgaon, India","₹19,136 ",5.0
991,"Lonavala, India","₹13,494 ",4.9
992,"Lonavla, India","₹15,062 ",4.97
993,"Karjat, India","₹11,184 ",5.0
994,"Lonavala, India","₹19,926 ",4.9
995,"Lonavala, India","₹20,899 ",5.0
996,"Lonavala, India","₹4,565 ",4.94
997,"Lonavla, India","₹15,805 ",4.95
998,"Mira Bhayandar, India","₹16,675 ",5.0
999,"Lonavala, India","₹13,215 ",4.92
1000,"Lonavla, India","₹25,562 ",5.0
1001,"Sahan, India","₹25,106 ",5.0
1002,"Bhayandar (West), India","₹14,621 ",4.99
1003,"Raigad, India","₹21,081 ",4.92
1004,"Sasawane, India","₹48,898 ",5.0
1005,"Golewadi, Pune, India","₹13,694 ",5.0
1006,"Lonavala, India","₹10,064 ",5.0
1007,"Bamansure, India","₹22,166 ",5.0
1008,"Lonavala, India","₹5,933 ",5.0
1009,"Lonavala, India","₹11,600 ",4.97
1010,"Mapgaon, India","₹19,136 ",5.0
1011,"Lonavala, India","₹13,494 ",4.9
1012,"Lonavla, India","₹15,062 ",4.97
1013,"Karjat, India","₹11,184 ",5.0
1014,"Lonavala, India","₹19,926 ",4.9
1015,"Lonavala, India","₹20,899 ",5.0
1016,"Lonavala, India","₹4,565 ",4.94
1017,"Lonavla, India","₹15,805 ",4.95
1018,"Mira Bhayandar, India","₹16,675 ",5.0
1019,"Lonavala, India","₹13,215 ",4.92
1020,"Lonavla, India","₹25,562 ",5.0
1021,"Sahan, India","₹25,106 ",5.0
1022,"Bhayandar (West), India","₹14,621 ",4.99
1023,"Raigad, India","₹21,081 ",4.92
1024,"Sasawane, India","₹48,898 ",5.0
1025,"Golewadi, Pune, India","₹13,694 ",5.0
1026,"Lonavala, India","₹10,064 ",5.0
1027,"Bamansure, India","₹22,166 ",5.0
1028,"Lonavala, India","₹5,933 ",5.0
1029,"Lonavala, India","₹11,600 ",4.97
1030,"Mapgaon, India","₹19,136 ",5.0
1031,"Lonavala, India","₹13,494 ",4.9
1032,"Lonavla, India","₹15,062 ",4.97
1033,"Karjat, India","₹11,184 ",5.0
1034,"Lonavala, India","₹19,926 ",4.9
1035,"Lonavala, India","₹20,899 ",5.0
1036,"Lonavala, India","₹4,565 ",4.94
1037,"Lonavla, India","₹15,805 ",4.95
1038,"Mira Bhayandar, India","₹16,675 ",5.0
1039,"Lonavala, India","₹13,215 ",4.92
1040,"Lonavla, India","₹25,562 ",5.0
1041,"Sahan, India","₹25,106 ",5.0
1042,"Bhayandar (West), India","₹14,621 ",4.99
1043,"Raigad, India","₹21,081 ",4.92
1044,"Sasawane, India","₹48,898 ",5.0
1045,"Golewadi, Pune, India","₹13,694 ",5.0
1046,"Lonavala, India","₹10,064 ",5.0
1047,"Bamansure, India","₹22,166 ",5.0
1048,"Lonavala, India","₹5,933 ",5.0
1049,"Lonavala, India","₹11,600 ",4.97
1050,"Mapgaon, India","₹19,136 ",5.0
1051,"Lonavala, India","₹13,494 ",4.9
1052,"Lonavla, India","₹15,062 ",4.97
1053,"Karjat, India","₹11,184 ",5.0
1054,"Lonavala, India","₹19,926 ",4.9
1055,"Lonavala, India","₹20,899 ",5.0
1056,"Lonavala, India","₹4,565 ",4.94
1057,"Lonavla, India","₹15,805 ",4.95
1058,"Mira Bhayandar, India","₹16,675 ",5.0
1059,"Lonavala, India","₹13,215 ",4.92
1060,"Lonavla, India","₹25,562 ",5.0
1061,"Sahan, India","₹25,106 ",5.0
1062,"Bhayandar (West), India","₹14,621 ",4.99
1063,"Raigad, India","₹21,081 ",4.92
1064,"Sasawane, India","₹48,898 ",5.0
1065,"Golewadi, Pune, India","₹13,694 ",5.0
1066,"Lonavala, India","₹10,064 ",5.0
1067,"Bamansure, India","₹22,166 ",5.0
1068,"Lonavala, India","₹5,933 ",5.0
1069,"Lonavala, India","₹11,600 ",4.97
1070,"Mapgaon, India","₹19,136 ",5.0
1071,"Lonavala, India","₹13,494 ",4.9
1072,"Lonavla, India","₹15,062 ",4.97
1073,"Karjat, India","₹11,184 ",5.0
1074,"Lonavala, India","₹19,926 ",4.9
1075,"Lonavala, India","₹20,899 ",5.0
1076,"Lonavala, India","₹4,565 ",4.94
1077,"Lonavla, India","₹15,805 ",4.95
1078,"Mira Bhayandar, India","₹16,675 ",5.0
1079,"Lonavala, India","₹13,215 ",4.92
1080,"Lonavla, India","₹25,562 ",5.0
1081,"Sahan, India","₹25,106 ",5.0
1082,"Bhayandar (West), India","₹14,621 ",4.99
1083,"Raigad, India","₹21,081 ",4.92
1084,"Sasawane, India","₹48,898 ",5.0
1085,"Golewadi, Pune, India","₹13,694 ",5.0
1086,"Lonavala, India","₹10,064 ",5.0
1087,"Bamansure, India","₹22,166 ",5.0
1088,"Lonavala, India","₹5,933 ",5.0
1089,"Lonavala, India","₹11,600 ",4.97
1090,"Mapgaon, India","₹19,136 ",5.0
1091,"Lonavala, India","₹13,494 ",4.9
1092,"Lonavla, India","₹15,062 ",4.97
1093,"Karjat, India","₹11,184 ",5.0
1094,"Lonavala, India","₹19,926 ",4.9
1095,"Lonavala, India","₹20,899 ",5.0
1096,"Lonavala, India","₹4,565 ",4.94
1097,"Lonavla, India","₹15,805 ",4.95
1098,"Mira Bhayandar, India","₹16,675 ",5.0
1099,"Lonavala, India","₹13,215 ",4.92
1100,"Lonavla, India","₹25,562 ",5.0
1101,"Sahan, India","₹25,106 ",5.0
1102,"Bhayandar (West), India","₹14,621 ",4.99
1103,"Raigad, India","₹21,081 ",4.92
1104,"Sasawane, India","₹48,898 ",5.0
1105,"Golewadi, Pune, India","₹13,694 ",5.0
1106,"Lonavala, India","₹10,064 ",5.0
1107,"Bamansure, India","₹22,166 ",5.0
1108,"Lonavala, India","₹5,933 ",5.0
1109,"Lonavala, India","₹11,600 ",4.97
1110,"Mapgaon, India","₹19,136 ",5.0
1111,"Lonavala, India","₹13,494 ",4.9
1112,"Lonavla, India","₹15,062 ",4.97
1113,"Karjat, India","₹11,184 ",5.0
1114,"Lonavala, India","₹19,926 ",4.9
1115,"Lonavala, India","₹20,899 ",5.0
1116,"Lonavala, India","₹4,565 ",4.94
1117,"Lonavla, India","₹15,805 ",4.95
1118,"Mira Bhayandar, India","₹16,675 ",5.0
1119,"Lonavala, India","₹13,215 ",4.92
1120,"Lonavla, India","₹25,562 ",5.0
1121,"Sahan, India","₹25,106 ",5.0
1122,"Bhayandar (West), India","₹14,621 ",4.99
1123,"Raigad, India","₹21,081 ",4.92
1124,"Sasawane, India","₹48,898 ",5.0
1125,"Golewadi, Pune, India","₹13,694 ",5.0
1126,"Lonavala, India","₹10,064 ",5.0
1127,"Bamansure, India","₹22,166 ",5.0
1128,"Lonavala, India","₹5,933 ",5.0
1129,"Lonavala, India","₹11,600 ",4.97
1130,"Mapgaon, India","₹19,136 ",5.0
1131,"Lonavala, India","₹13,494 ",4.9
1132,"Lonavla, India","₹15,062 ",4.97
1133,"Karjat, India","₹11,184 ",5.0
1134,"Lonavala, India","₹19,926 ",4.9
1135,"Lonavala, India","₹20,899 ",5.0
1136,"Lonavala, India","₹4,565 ",4.94
1137,"Lonavla, India","₹15,805 ",4.95
1138,"Mira Bhayandar, India","₹16,675 ",5.0
1139,"Lonavala, India","₹13,215 ",4.92
1140,"Lonavla, India","₹25,562 ",5.0
1141,"Sahan, India","₹25,106 ",5.0
1142,"Bhayandar (West), India","₹14,621 ",4.99
1143,"Raigad, India","₹21,081 ",4.92
1144,"Sasawane, India","₹48,898 ",5.0
1145,"Golewadi, Pune, India","₹13,694 ",5.0
1146,"Lonavala, India","₹10,064 ",5.0
1147,"Bamansure, India","₹22,166 ",5.0
1148,"Lonavala, India","₹5,933 ",5.0
1149,"Lonavala, India","₹11,600 ",4.97
1150,"Mapgaon, India","₹19,136 ",5.0
1151,"Lonavala, India","₹13,494 ",4.9
1152,"Lonavla, India","₹15,062 ",4.97
1153,"Karjat, India","₹11,184 ",5.0
1154,"Lonavala, India","₹19,926 ",4.9
1155,"Lonavala, India","₹20,899 ",5.0
1156,"Lonavala, India","₹4,565 ",4.94
1157,"Lonavla, India","₹15,805 ",4.95
1158,"Mira Bhayandar, India","₹16,675 ",5.0
1159,"Lonavala, India","₹13,215 ",4.92
1160,"Lonavla, India","₹25,562 ",5.0
1161,"Sahan, India","₹25,106 ",5.0
1162,"Bhayandar (West), India","₹14,621 ",4.99
1163,"Raigad, India","₹21,081 ",4.92
1164,"Sasawane, India","₹48,898 ",5.0
1165,"Golewadi, Pune, India","₹13,694 ",5.0
1166,"Lonavala, India","₹10,064 ",5.0
1167,"Bamansure, India","₹22,166 ",5.0
1168,"Lonavala, India","₹5,933 ",5.0
1169,"Lonavala, India","₹11,600 ",4.97
1170,"Mapgaon, India","₹19,136 ",5.0
1171,"Lonavala, India","₹13,494 ",4.9
1172,"Lonavla, India","₹15,062 ",4.97
1173,"Karjat, India","₹11,184 ",5.0
1174,"Lonavala, India","₹19,926 ",4.9
1175,"Lonavala, India","₹20,899 ",5.0
1176,"Lonavala, India","₹4,565 ",4.94
1177,"Lonavla, India","₹15,805 ",4.95
1178,"Mira Bhayandar, India","₹16,675 ",5.0
1179,"Lonavala, India","₹13,215 ",4.92
1180,"Lonavla, India","₹25,562 ",5.0
1181,"Sahan, India","₹25,106 ",5.0
1182,"Bhayandar (West), India","₹14,621 ",4.99
1183,"Raigad, India","₹21,081 ",4.92
1184,"Sasawane, India","₹48,898 ",5.0
1185,"Golewadi, Pune, India","₹13,694 ",5.0
1186,"Lonavala, India","₹10,064 ",5.0
1187,"Bamansure, India","₹22,166 ",5.0
1188,"Lonavala, India","₹5,933 ",5.0
1189,"Lonavala, India","₹11,600 ",4.97
1190,"Mapgaon, India","₹19,136 ",5.0
1191,"Lonavala, India","₹13,494 ",4.9
1192,"Lonavla, India","₹15,062 ",4.97
1193,"Karjat, India","₹11,184 ",5.0
1194,"Lonavala, India","₹19,926 ",4.9
1195,"Lonavala, India","₹20,899 ",5.0
1196,"Lonavala, India","₹4,565 ",4.94
1197,"Lonavla, India","₹15,805 ",4.95
1198,"Mira Bhayandar, India","₹16,675 ",5.0
1199,"Lonavala, India","₹13,215 ",4.92
1200,"Lonavla, India","₹25,562 ",5.0
